{"cameraMode":{"drawMode":0,"name":"Shaded","section":"Shading Mode"},"sceneLighting":false,"audioPlay":false,"sceneViewState":{"m_AlwaysRefresh":false,"showFog":true,"showSkybox":false,"showFlares":true,"showImageEffects":true,"showParticleSystems":true,"showVisualEffectGraphs":true,"m_FxEnabled":true},"in2DMode":false,"pivot":{"x":90.80000305175781,"y":11.84000015258789,"z":143.50999450683595},"rotation":{"x":0.028342166915535928,"y":0.9696167707443237,"z":-0.20090411603450776,"w":0.1367526650428772},"size":1.2247449159622193,"orthographic":false}