{"cameraMode":{"drawMode":0,"name":"Shaded","section":"Shading Mode"},"sceneLighting":false,"audioPlay":false,"sceneViewState":{"m_AlwaysRefresh":false,"showFog":true,"showSkybox":false,"showFlares":true,"showImageEffects":true,"showParticleSystems":true,"showVisualEffectGraphs":true,"m_FxEnabled":true},"in2DMode":false,"pivot":{"x":8.239614486694336,"y":3.130000114440918,"z":-0.31253957748413088},"rotation":{"x":0.028342166915535928,"y":0.9696167707443237,"z":-0.20090411603450776,"w":0.1367526650428772},"size":0.9404253363609314,"orthographic":false}